Date;Clicks;Impressions;CTR;Position;;;;;;;;;;;;;;;;;;;;;
2022-10-16;13;3354;0.39%;35.31;;;;;;;;;;;;;;;;;;;;;
2022-10-15;5;3306;0.15%;36.62;;;;;;;;;;;;;;;;;;;;;
2022-10-14;22;3575;0.62%;34.55;;;;;;;;;;;;;;;;;;;;;
2022-10-13;47;3653;1.29%;33.24;;;;;;;;;;;;;;;;;;;;;
2022-10-12;33;3620;0.91%;33.17;;;;;;;;;;;;;;;;;;;;;
2022-10-11;22;3798;0.58%;34.68;;;;;;;;;;;;;;;;;;;;;
2022-10-10;31;3561;0.87%;33.8;;;;;;;;;;;;;;;;;;;;;
2022-10-09;10;3392;0.29%;36.85;;;;;;;;;;;;;;;;;;;;;
2022-10-08;5;3474;0.14%;36.78;;;;;;;;;;;;;;;;;;;;;
2022-10-07;15;3371;0.44%;34.83;;;;;;;;;;;;;;;;;;;;;
2022-10-06;35;3706;0.94%;34.56;;;;;;;;;;;;;;;;;;;;;
2022-10-05;48;4209;1.14%;32.25;;;;;;;;;;;;;;;;;;;;;
2022-10-04;49;3916;1.25%;32.85;;;;;;;;;;;;;;;;;;;;;
2022-10-03;31;3594;0.86%;33.58;;;;;;;;;;;;;;;;;;;;;
2022-10-02;8;3669;0.22%;39.47;;;;;;;;;;;;;;;;;;;;;
2022-10-01;7;3267;0.21%;35.11;;;;;;;;;;;;;;;;;;;;;
2022-09-30;19;3408;0.56%;35.07;;;;;;;;;;;;;;;;;;;;;
2022-09-29;33;3688;0.89%;32.63;;;;;;;;;;;;;;;;;;;;;
2022-09-28;13;3451;0.38%;34.17;;;;;;;;;;;;;;;;;;;;;
2022-09-27;32;3735;0.86%;34.27;;;;;;;;;;;;;;;;;;;;;
2022-09-26;29;3864;0.75%;33.65;;;;;;;;;;;;;;;;;;;;;
2022-09-25;16;3150;0.51%;36.65;;;;;;;;;;;;;;;;;;;;;
2022-09-24;7;3036;0.23%;37.18;;;;;;;;;;;;;;;;;;;;;
2022-09-23;22;3209;0.69%;35.94;;;;;;;;;;;;;;;;;;;;;
2022-09-22;31;3293;0.94%;35.56;;;;;;;;;;;;;;;;;;;;;
2022-09-21;19;3341;0.57%;35.6;;;;;;;;;;;;;;;;;;;;;
2022-09-20;33;3292;1%;35.31;;;;;;;;;;;;;;;;;;;;;
2022-09-19;36;3197;1.13%;34.94;;;;;;;;;;;;;;;;;;;;;
2022-09-18;7;3039;0.23%;37.79;;;;;;;;;;;;;;;;;;;;;
2022-09-17;8;2973;0.27%;38.71;;;;;;;;;;;;;;;;;;;;;
2022-09-16;27;2996;0.90%;36.51;;;;;;;;;;;;;;;;;;;;;
2022-09-15;29;3193;0.91%;35.33;;;;;;;;;;;;;;;;;;;;;
2022-09-14;39;3452;1.13%;34.59;;;;;;;;;;;;;;;;;;;;;
2022-09-13;27;3255;0.83%;35.62;;;;;;;;;;;;;;;;;;;;;
2022-09-12;33;3286;1%;34.55;;;;;;;;;;;;;;;;;;;;;
2022-09-11;14;3073;0.46%;36.18;;;;;;;;;;;;;;;;;;;;;
2022-09-10;4;2826;0.14%;37.56;;;;;;;;;;;;;;;;;;;;;
2022-09-09;23;3059;0.75%;34.93;;;;;;;;;;;;;;;;;;;;;
2022-09-08;29;3299;0.88%;34.24;;;;;;;;;;;;;;;;;;;;;
2022-09-07;14;3093;0.45%;34.38;;;;;;;;;;;;;;;;;;;;;
2022-09-06;20;3412;0.59%;36.13;;;;;;;;;;;;;;;;;;;;;
2022-09-05;27;3196;0.84%;35.56;;;;;;;;;;;;;;;;;;;;;
2022-09-04;8;2879;0.28%;37.77;;;;;;;;;;;;;;;;;;;;;
2022-09-03;6;2914;0.21%;37.9;;;;;;;;;;;;;;;;;;;;;
2022-09-02;18;3119;0.58%;36.13;;;;;;;;;;;;;;;;;;;;;
2022-09-01;24;3273;0.73%;34.72;;;;;;;;;;;;;;;;;;;;;
2022-08-31;15;3191;0.47%;34.11;;;;;;;;;;;;;;;;;;;;;
2022-08-30;21;3472;0.60%;35.18;;;;;;;;;;;;;;;;;;;;;
2022-08-29;27;3507;0.77%;34.41;;;;;;;;;;;;;;;;;;;;;
2022-08-28;5;3031;0.16%;36.52;;;;;;;;;;;;;;;;;;;;;
2022-08-27;4;3235;0.12%;37.76;;;;;;;;;;;;;;;;;;;;;
2022-08-26;25;3224;0.78%;36.39;;;;;;;;;;;;;;;;;;;;;
2022-08-25;20;3433;0.58%;35.85;;;;;;;;;;;;;;;;;;;;;
2022-08-24;22;3585;0.61%;36.05;;;;;;;;;;;;;;;;;;;;;
2022-08-23;22;3321;0.66%;36.28;;;;;;;;;;;;;;;;;;;;;
2022-08-22;24;3457;0.69%;35.53;;;;;;;;;;;;;;;;;;;;;
2022-08-21;14;2957;0.47%;37.65;;;;;;;;;;;;;;;;;;;;;
2022-08-20;3;3092;0.10%;37.81;;;;;;;;;;;;;;;;;;;;;
2022-08-19;17;3017;0.56%;35.84;;;;;;;;;;;;;;;;;;;;;
2022-08-18;23;3453;0.67%;36.14;;;;;;;;;;;;;;;;;;;;;
2022-08-17;20;2822;0.71%;35.78;;;;;;;;;;;;;;;;;;;;;
2022-08-16;18;3411;0.53%;36.06;;;;;;;;;;;;;;;;;;;;;
2022-08-15;16;3375;0.47%;35.49;;;;;;;;;;;;;;;;;;;;;
2022-08-14;11;3357;0.33%;37.89;;;;;;;;;;;;;;;;;;;;;
2022-08-13;1;2995;0.03%;37.21;;;;;;;;;;;;;;;;;;;;;
2022-08-12;11;3534;0.31%;35.92;;;;;;;;;;;;;;;;;;;;;
2022-08-11;14;3384;0.41%;35.92;;;;;;;;;;;;;;;;;;;;;
2022-08-10;12;3317;0.36%;36.02;;;;;;;;;;;;;;;;;;;;;
2022-08-09;12;3234;0.37%;37.66;;;;;;;;;;;;;;;;;;;;;
2022-08-08;16;3321;0.48%;36.94;;;;;;;;;;;;;;;;;;;;;
2022-08-07;8;2953;0.27%;37.06;;;;;;;;;;;;;;;;;;;;;
2022-08-06;6;2958;0.20%;37.23;;;;;;;;;;;;;;;;;;;;;
2022-08-05;11;2886;0.38%;36.56;;;;;;;;;;;;;;;;;;;;;
2022-08-04;13;3022;0.43%;36.78;;;;;;;;;;;;;;;;;;;;;
2022-08-03;14;3008;0.47%;37.62;;;;;;;;;;;;;;;;;;;;;
2022-08-02;9;2868;0.31%;38.72;;;;;;;;;;;;;;;;;;;;;
2022-08-01;12;2879;0.42%;37.89;;;;;;;;;;;;;;;;;;;;;
2022-07-31;4;2732;0.15%;40.01;;;;;;;;;;;;;;;;;;;;;
2022-07-30;7;2498;0.28%;39.7;;;;;;;;;;;;;;;;;;;;;
2022-07-29;8;2565;0.31%;38.66;;;;;;;;;;;;;;;;;;;;;
2022-07-28;6;2778;0.22%;38.24;;;;;;;;;;;;;;;;;;;;;
2022-07-27;8;2521;0.32%;38.26;;;;;;;;;;;;;;;;;;;;;
2022-07-26;8;2845;0.28%;39.49;;;;;;;;;;;;;;;;;;;;;
2022-07-25;15;2571;0.58%;39.35;;;;;;;;;;;;;;;;;;;;;
2022-07-24;9;2656;0.34%;40.49;;;;;;;;;;;;;;;;;;;;;
2022-07-23;6;2427;0.25%;39.62;;;;;;;;;;;;;;;;;;;;;
2022-07-22;10;2561;0.39%;39.66;;;;;;;;;;;;;;;;;;;;;
2022-07-21;9;2458;0.37%;39.14;;;;;;;;;;;;;;;;;;;;;
2022-07-20;9;2476;0.36%;38;;;;;;;;;;;;;;;;;;;;;
2022-07-19;10;2788;0.36%;38.9;;;;;;;;;;;;;;;;;;;;;
2022-07-18;15;2688;0.56%;36.8;;;;;;;;;;;;;;;;;;;;;
2022-07-17;5;2635;0.19%;37.54;;;;;;;;;;;;;;;;;;;;;
2022-07-16;4;2555;0.16%;38.62;;;;;;;;;;;;;;;;;;;;;
2022-07-15;13;2585;0.50%;38.05;;;;;;;;;;;;;;;;;;;;;
2022-07-14;8;2705;0.30%;37.76;;;;;;;;;;;;;;;;;;;;;
2022-07-13;11;2620;0.42%;39.58;;;;;;;;;;;;;;;;;;;;;
2022-07-12;7;2643;0.26%;39.79;;;;;;;;;;;;;;;;;;;;;
2022-07-11;15;2945;0.51%;38.35;;;;;;;;;;;;;;;;;;;;;
2022-07-10;5;2653;0.19%;39.23;;;;;;;;;;;;;;;;;;;;;
2022-07-09;5;2585;0.19%;38.43;;;;;;;;;;;;;;;;;;;;;
2022-07-08;12;2626;0.46%;36.87;;;;;;;;;;;;;;;;;;;;;
2022-07-07;14;2793;0.50%;36.65;;;;;;;;;;;;;;;;;;;;;
2022-07-06;9;2735;0.33%;36.26;;;;;;;;;;;;;;;;;;;;;
2022-07-05;8;2477;0.32%;35.41;;;;;;;;;;;;;;;;;;;;;
2022-07-04;16;2393;0.67%;35.64;;;;;;;;;;;;;;;;;;;;;
2022-07-03;4;2565;0.16%;39.68;;;;;;;;;;;;;;;;;;;;;
2022-07-02;3;2400;0.12%;39.39;;;;;;;;;;;;;;;;;;;;;
2022-07-01;5;2859;0.17%;39.26;;;;;;;;;;;;;;;;;;;;;
2022-06-30;4;2364;0.17%;38.22;;;;;;;;;;;;;;;;;;;;;
2022-06-29;15;2605;0.58%;39.39;;;;;;;;;;;;;;;;;;;;;
2022-06-28;14;2668;0.52%;39.19;;;;;;;;;;;;;;;;;;;;;
2022-06-27;15;2090;0.72%;39.33;;;;;;;;;;;;;;;;;;;;;
2022-06-26;2;2271;0.09%;39.69;;;;;;;;;;;;;;;;;;;;;
2022-06-25;3;2399;0.13%;41.04;;;;;;;;;;;;;;;;;;;;;
2022-06-24;3;2156;0.14%;41.48;;;;;;;;;;;;;;;;;;;;;
2022-06-23;6;2293;0.26%;40.26;;;;;;;;;;;;;;;;;;;;;
2022-06-22;14;2666;0.53%;40.64;;;;;;;;;;;;;;;;;;;;;
2022-06-21;10;1971;0.51%;39.82;;;;;;;;;;;;;;;;;;;;;
2022-06-20;11;2088;0.53%;38.35;;;;;;;;;;;;;;;;;;;;;
2022-06-19;3;2027;0.15%;40.74;;;;;;;;;;;;;;;;;;;;;
2022-06-18;4;2009;0.20%;44.1;;;;;;;;;;;;;;;;;;;;;
2022-06-17;11;2029;0.54%;43.77;;;;;;;;;;;;;;;;;;;;;
2022-06-16;9;2396;0.38%;42.43;;;;;;;;;;;;;;;;;;;;;
2022-06-15;12;2086;0.58%;43.37;;;;;;;;;;;;;;;;;;;;;
2022-06-14;9;2178;0.41%;42.65;;;;;;;;;;;;;;;;;;;;;
2022-06-13;19;2524;0.75%;40.58;;;;;;;;;;;;;;;;;;;;;
2022-06-12;7;2135;0.33%;44.28;;;;;;;;;;;;;;;;;;;;;
2022-06-11;3;1927;0.16%;44.05;;;;;;;;;;;;;;;;;;;;;
2022-06-10;9;2105;0.43%;42.72;;;;;;;;;;;;;;;;;;;;;
2022-06-09;10;2284;0.44%;42.66;;;;;;;;;;;;;;;;;;;;;
2022-06-08;12;2062;0.58%;41.27;;;;;;;;;;;;;;;;;;;;;
2022-06-07;20;2128;0.94%;39.47;;;;;;;;;;;;;;;;;;;;;
2022-06-06;6;2082;0.29%;35.55;;;;;;;;;;;;;;;;;;;;;
2022-06-05;4;1834;0.22%;38.4;;;;;;;;;;;;;;;;;;;;;
2022-06-04;7;2087;0.34%;39.59;;;;;;;;;;;;;;;;;;;;;
2022-06-03;6;2121;0.28%;37.03;;;;;;;;;;;;;;;;;;;;;
2022-06-02;9;1889;0.48%;35.72;;;;;;;;;;;;;;;;;;;;;
2022-06-01;14;1793;0.78%;38.74;;;;;;;;;;;;;;;;;;;;;
2022-05-31;18;1851;0.97%;43.27;;;;;;;;;;;;;;;;;;;;;
2022-05-30;9;1853;0.49%;41.9;;;;;;;;;;;;;;;;;;;;;
2022-05-29;7;1804;0.39%;43.56;;;;;;;;;;;;;;;;;;;;;
2022-05-28;2;1707;0.12%;44.88;;;;;;;;;;;;;;;;;;;;;
2022-05-27;4;1744;0.23%;43.12;;;;;;;;;;;;;;;;;;;;;
2022-05-26;6;1826;0.33%;44.3;;;;;;;;;;;;;;;;;;;;;
2022-05-25;8;1770;0.45%;42.76;;;;;;;;;;;;;;;;;;;;;
2022-05-24;22;1748;1.26%;42.81;;;;;;;;;;;;;;;;;;;;;
2022-05-23;12;1903;0.63%;42.69;;;;;;;;;;;;;;;;;;;;;
2022-05-22;6;1593;0.38%;44.42;;;;;;;;;;;;;;;;;;;;;
2022-05-21;4;1448;0.28%;44.66;;;;;;;;;;;;;;;;;;;;;
2022-05-20;12;1779;0.67%;44.05;;;;;;;;;;;;;;;;;;;;;
2022-05-19;14;1742;0.80%;43.93;;;;;;;;;;;;;;;;;;;;;
2022-05-18;7;1831;0.38%;45.23;;;;;;;;;;;;;;;;;;;;;
2022-05-17;17;1833;0.93%;44.28;;;;;;;;;;;;;;;;;;;;;
2022-05-16;11;1771;0.62%;43.02;;;;;;;;;;;;;;;;;;;;;
2022-05-15;5;1659;0.30%;44.72;;;;;;;;;;;;;;;;;;;;;
2022-05-14;1;1752;0.06%;46.55;;;;;;;;;;;;;;;;;;;;;
2022-05-13;7;1779;0.39%;44.38;;;;;;;;;;;;;;;;;;;;;
2022-05-12;21;2209;0.95%;42.33;;;;;;;;;;;;;;;;;;;;;
2022-05-11;15;1799;0.83%;42.67;;;;;;;;;;;;;;;;;;;;;
2022-05-10;17;1768;0.96%;42.87;;;;;;;;;;;;;;;;;;;;;
2022-05-09;18;1719;1.05%;41.67;;;;;;;;;;;;;;;;;;;;;
2022-05-08;6;1569;0.38%;45.32;;;;;;;;;;;;;;;;;;;;;
2022-05-07;2;1501;0.13%;45.87;;;;;;;;;;;;;;;;;;;;;
2022-05-06;11;1563;0.70%;43.41;;;;;;;;;;;;;;;;;;;;;
2022-05-05;16;1740;0.92%;41.82;;;;;;;;;;;;;;;;;;;;;
2022-05-04;8;1666;0.48%;41.84;;;;;;;;;;;;;;;;;;;;;
2022-05-03;21;1673;1.26%;40.49;;;;;;;;;;;;;;;;;;;;;
2022-05-02;10;1887;0.53%;43.36;;;;;;;;;;;;;;;;;;;;;
2022-05-01;5;1824;0.27%;41.49;;;;;;;;;;;;;;;;;;;;;
2022-04-30;6;1767;0.34%;39.4;;;;;;;;;;;;;;;;;;;;;
2022-04-29;4;1962;0.20%;39.08;;;;;;;;;;;;;;;;;;;;;
2022-04-28;14;1780;0.79%;38.91;;;;;;;;;;;;;;;;;;;;;
2022-04-27;15;1755;0.85%;36.94;;;;;;;;;;;;;;;;;;;;;
2022-04-26;19;1946;0.98%;38.21;;;;;;;;;;;;;;;;;;;;;
2022-04-25;13;1670;0.78%;38.31;;;;;;;;;;;;;;;;;;;;;
2022-04-24;6;1539;0.39%;40.97;;;;;;;;;;;;;;;;;;;;;
2022-04-23;5;1735;0.29%;42.62;;;;;;;;;;;;;;;;;;;;;
2022-04-22;16;1757;0.91%;38.82;;;;;;;;;;;;;;;;;;;;;
2022-04-21;11;1647;0.67%;41.41;;;;;;;;;;;;;;;;;;;;;
2022-04-20;25;1797;1.39%;39.22;;;;;;;;;;;;;;;;;;;;;
2022-04-19;11;1657;0.66%;41.65;;;;;;;;;;;;;;;;;;;;;
2022-04-18;3;1545;0.19%;41.99;;;;;;;;;;;;;;;;;;;;;
2022-04-17;2;1585;0.13%;44.18;;;;;;;;;;;;;;;;;;;;;
2022-04-16;3;1892;0.16%;44.02;;;;;;;;;;;;;;;;;;;;;
2022-04-15;5;1575;0.32%;43.29;;;;;;;;;;;;;;;;;;;;;
2022-04-14;4;1672;0.24%;42.31;;;;;;;;;;;;;;;;;;;;;
2022-04-13;8;1641;0.49%;41.91;;;;;;;;;;;;;;;;;;;;;
2022-04-12;10;1805;0.55%;41.53;;;;;;;;;;;;;;;;;;;;;
2022-04-11;9;1782;0.51%;41.02;;;;;;;;;;;;;;;;;;;;;
2022-04-10;3;1423;0.21%;42.77;;;;;;;;;;;;;;;;;;;;;
2022-04-09;2;1472;0.14%;47.69;;;;;;;;;;;;;;;;;;;;;
2022-04-08;11;1553;0.71%;44.92;;;;;;;;;;;;;;;;;;;;;
2022-04-07;10;1581;0.63%;45.76;;;;;;;;;;;;;;;;;;;;;
2022-04-06;11;1476;0.75%;44.16;;;;;;;;;;;;;;;;;;;;;
2022-04-05;16;1594;1%;43.14;;;;;;;;;;;;;;;;;;;;;
2022-04-04;8;1436;0.56%;43.95;;;;;;;;;;;;;;;;;;;;;
2022-04-03;5;1415;0.35%;44.42;;;;;;;;;;;;;;;;;;;;;
2022-04-02;5;1506;0.33%;44.3;;;;;;;;;;;;;;;;;;;;;
2022-04-01;16;1398;1.14%;42.25;;;;;;;;;;;;;;;;;;;;;
2022-03-31;21;1662;1.26%;41.86;;;;;;;;;;;;;;;;;;;;;
2022-03-30;18;1687;1.07%;39.23;;;;;;;;;;;;;;;;;;;;;
2022-03-29;11;1377;0.80%;42.84;;;;;;;;;;;;;;;;;;;;;
2022-03-28;26;1713;1.52%;40.78;;;;;;;;;;;;;;;;;;;;;
2022-03-27;6;1488;0.40%;44.63;;;;;;;;;;;;;;;;;;;;;
2022-03-26;4;1434;0.28%;45.46;;;;;;;;;;;;;;;;;;;;;
2022-03-25;8;1683;0.48%;44;;;;;;;;;;;;;;;;;;;;;
2022-03-24;25;1661;1.51%;42.78;;;;;;;;;;;;;;;;;;;;;
2022-03-23;16;1440;1.11%;40.28;;;;;;;;;;;;;;;;;;;;;
2022-03-22;14;1641;0.85%;39.18;;;;;;;;;;;;;;;;;;;;;
2022-03-21;5;1764;0.28%;38.95;;;;;;;;;;;;;;;;;;;;;
2022-03-20;4;1431;0.28%;41.16;;;;;;;;;;;;;;;;;;;;;
2022-03-19;6;1599;0.38%;43.83;;;;;;;;;;;;;;;;;;;;;
2022-03-18;17;1724;0.99%;41.04;;;;;;;;;;;;;;;;;;;;;
2022-03-17;6;1504;0.40%;41.28;;;;;;;;;;;;;;;;;;;;;
2022-03-16;6;1517;0.40%;39.21;;;;;;;;;;;;;;;;;;;;;
2022-03-15;13;1710;0.76%;38.68;;;;;;;;;;;;;;;;;;;;;
2022-03-14;12;1569;0.76%;39.41;;;;;;;;;;;;;;;;;;;;;
2022-03-13;3;1285;0.23%;40.86;;;;;;;;;;;;;;;;;;;;;
2022-03-12;3;1547;0.19%;41.73;;;;;;;;;;;;;;;;;;;;;
2022-03-11;8;1601;0.50%;39.92;;;;;;;;;;;;;;;;;;;;;
2022-03-10;9;1959;0.46%;37.18;;;;;;;;;;;;;;;;;;;;;
2022-03-09;6;1817;0.33%;35.91;;;;;;;;;;;;;;;;;;;;;
2022-03-08;9;1812;0.50%;36.43;;;;;;;;;;;;;;;;;;;;;
2022-03-07;17;1790;0.95%;36.86;;;;;;;;;;;;;;;;;;;;;
2022-03-06;2;1679;0.12%;38.3;;;;;;;;;;;;;;;;;;;;;
2022-03-05;3;1748;0.17%;41.47;;;;;;;;;;;;;;;;;;;;;
2022-03-04;5;1731;0.29%;36.79;;;;;;;;;;;;;;;;;;;;;
2022-03-03;11;1818;0.61%;36.01;;;;;;;;;;;;;;;;;;;;;
2022-03-02;14;1799;0.78%;36.28;;;;;;;;;;;;;;;;;;;;;
2022-03-01;10;1788;0.56%;37.81;;;;;;;;;;;;;;;;;;;;;
2022-02-28;8;2012;0.40%;40.57;;;;;;;;;;;;;;;;;;;;;
2022-02-27;4;1667;0.24%;39.1;;;;;;;;;;;;;;;;;;;;;
2022-02-26;0;1648;0%;39.66;;;;;;;;;;;;;;;;;;;;;
2022-02-25;1;1875;0.05%;39.66;;;;;;;;;;;;;;;;;;;;;
2022-02-24;6;1704;0.35%;35.88;;;;;;;;;;;;;;;;;;;;;
2022-02-23;21;1772;1.19%;35.59;;;;;;;;;;;;;;;;;;;;;
2022-02-22;12;2065;0.58%;36.39;;;;;;;;;;;;;;;;;;;;;
2022-02-21;14;1843;0.76%;35.95;;;;;;;;;;;;;;;;;;;;;
2022-02-20;5;1813;0.28%;37.5;;;;;;;;;;;;;;;;;;;;;
2022-02-19;3;1946;0.15%;41.39;;;;;;;;;;;;;;;;;;;;;
2022-02-18;8;1976;0.40%;36.69;;;;;;;;;;;;;;;;;;;;;
2022-02-17;12;2282;0.53%;37.2;;;;;;;;;;;;;;;;;;;;;
2022-02-16;6;1973;0.30%;37.77;;;;;;;;;;;;;;;;;;;;;
2022-02-15;18;1989;0.90%;37.45;;;;;;;;;;;;;;;;;;;;;
2022-02-14;8;2311;0.35%;38.85;;;;;;;;;;;;;;;;;;;;;
2022-02-13;6;1830;0.33%;39.74;;;;;;;;;;;;;;;;;;;;;
2022-02-12;2;1722;0.12%;43.74;;;;;;;;;;;;;;;;;;;;;
2022-02-11;4;1812;0.22%;40.11;;;;;;;;;;;;;;;;;;;;;
2022-02-10;13;2036;0.64%;37.93;;;;;;;;;;;;;;;;;;;;;
2022-02-09;9;2069;0.43%;38.6;;;;;;;;;;;;;;;;;;;;;
2022-02-08;5;1813;0.28%;38.58;;;;;;;;;;;;;;;;;;;;;
2022-02-07;13;1805;0.72%;39.77;;;;;;;;;;;;;;;;;;;;;
2022-02-06;1;1871;0.05%;43.49;;;;;;;;;;;;;;;;;;;;;
2022-02-05;2;1308;0.15%;41.52;;;;;;;;;;;;;;;;;;;;;
2022-02-04;9;1693;0.53%;41.99;;;;;;;;;;;;;;;;;;;;;
2022-02-03;11;1537;0.72%;41.5;;;;;;;;;;;;;;;;;;;;;
2022-02-02;9;1661;0.54%;38.79;;;;;;;;;;;;;;;;;;;;;
2022-02-01;6;1780;0.34%;37.66;;;;;;;;;;;;;;;;;;;;;
2022-01-31;8;1735;0.46%;35.97;;;;;;;;;;;;;;;;;;;;;
2022-01-30;3;1587;0.19%;39.45;;;;;;;;;;;;;;;;;;;;;
2022-01-29;2;1745;0.11%;39.82;;;;;;;;;;;;;;;;;;;;;
2022-01-28;6;1769;0.34%;36.31;;;;;;;;;;;;;;;;;;;;;
2022-01-27;8;1932;0.41%;36.49;;;;;;;;;;;;;;;;;;;;;
2022-01-26;8;1754;0.46%;37.76;;;;;;;;;;;;;;;;;;;;;
2022-01-25;6;1684;0.36%;39.32;;;;;;;;;;;;;;;;;;;;;
2022-01-24;8;1483;0.54%;41.15;;;;;;;;;;;;;;;;;;;;;
2022-01-23;4;1203;0.33%;45.49;;;;;;;;;;;;;;;;;;;;;
2022-01-22;2;1184;0.17%;53.73;;;;;;;;;;;;;;;;;;;;;
2022-01-21;7;1235;0.57%;50.31;;;;;;;;;;;;;;;;;;;;;
2022-01-20;10;1330;0.75%;49.22;;;;;;;;;;;;;;;;;;;;;
2022-01-19;12;1138;1.05%;47.14;;;;;;;;;;;;;;;;;;;;;
2022-01-18;9;1385;0.65%;43.45;;;;;;;;;;;;;;;;;;;;;
2022-01-17;12;1508;0.80%;43.51;;;;;;;;;;;;;;;;;;;;;
2022-01-16;5;1540;0.32%;43.89;;;;;;;;;;;;;;;;;;;;;
2022-01-15;3;1697;0.18%;40.56;;;;;;;;;;;;;;;;;;;;;
2022-01-14;7;1719;0.41%;35.5;;;;;;;;;;;;;;;;;;;;;
2022-01-13;6;1679;0.36%;36.37;;;;;;;;;;;;;;;;;;;;;
2022-01-12;12;1761;0.68%;36.62;;;;;;;;;;;;;;;;;;;;;
2022-01-11;12;2192;0.55%;38.89;;;;;;;;;;;;;;;;;;;;;
2022-01-10;6;1663;0.36%;37.08;;;;;;;;;;;;;;;;;;;;;
2022-01-09;7;1685;0.42%;37.53;;;;;;;;;;;;;;;;;;;;;
2022-01-08;7;1725;0.41%;39.84;;;;;;;;;;;;;;;;;;;;;
2022-01-07;7;1646;0.43%;38.86;;;;;;;;;;;;;;;;;;;;;
2022-01-06;5;1631;0.31%;39.07;;;;;;;;;;;;;;;;;;;;;
2022-01-05;7;1662;0.42%;39.11;;;;;;;;;;;;;;;;;;;;;
2022-01-04;8;1539;0.52%;39.67;;;;;;;;;;;;;;;;;;;;;
2022-01-03;21;1734;1.21%;39.2;;;;;;;;;;;;;;;;;;;;;
2022-01-02;3;1577;0.19%;39.43;;;;;;;;;;;;;;;;;;;;;
2022-01-01;0;1700;0%;40.03;;;;;;;;;;;;;;;;;;;;;
2021-12-31;7;1756;0.40%;38.62;;;;;;;;;;;;;;;;;;;;;
2021-12-30;17;1820;0.93%;38.01;;;;;;;;;;;;;;;;;;;;;
2021-12-29;12;1941;0.62%;38.16;;;;;;;;;;;;;;;;;;;;;
2021-12-28;5;1857;0.27%;37.11;;;;;;;;;;;;;;;;;;;;;
2021-12-27;8;1884;0.42%;38.69;;;;;;;;;;;;;;;;;;;;;
2021-12-26;1;1553;0.06%;37.94;;;;;;;;;;;;;;;;;;;;;
2021-12-25;7;1873;0.37%;38.95;;;;;;;;;;;;;;;;;;;;;
2021-12-24;1;1594;0.06%;38.07;;;;;;;;;;;;;;;;;;;;;
2021-12-23;3;1708;0.18%;35.77;;;;;;;;;;;;;;;;;;;;;
2021-12-22;7;1859;0.38%;34.79;;;;;;;;;;;;;;;;;;;;;
2021-12-21;7;1842;0.38%;35.01;;;;;;;;;;;;;;;;;;;;;
2021-12-20;4;1891;0.21%;35.04;;;;;;;;;;;;;;;;;;;;;
2021-12-19;2;1466;0.14%;36.94;;;;;;;;;;;;;;;;;;;;;
2021-12-18;1;1577;0.06%;37.3;;;;;;;;;;;;;;;;;;;;;
2021-12-17;3;1529;0.20%;35.95;;;;;;;;;;;;;;;;;;;;;
2021-12-16;7;1765;0.40%;33.44;;;;;;;;;;;;;;;;;;;;;
2021-12-15;9;1831;0.49%;32.7;;;;;;;;;;;;;;;;;;;;;
2021-12-14;8;1714;0.47%;31.56;;;;;;;;;;;;;;;;;;;;;
2021-12-13;10;1721;0.58%;33.1;;;;;;;;;;;;;;;;;;;;;
2021-12-12;6;1702;0.35%;35.17;;;;;;;;;;;;;;;;;;;;;
2021-12-11;3;1519;0.20%;35.63;;;;;;;;;;;;;;;;;;;;;
2021-12-10;12;2023;0.59%;29.96;;;;;;;;;;;;;;;;;;;;;
2021-12-09;5;2139;0.23%;35;;;;;;;;;;;;;;;;;;;;;
2021-12-08;20;1945;1.03%;33.7;;;;;;;;;;;;;;;;;;;;;
2021-12-07;7;2062;0.34%;31.71;;;;;;;;;;;;;;;;;;;;;
2021-12-06;10;1608;0.62%;31.57;;;;;;;;;;;;;;;;;;;;;
2021-12-05;4;1577;0.25%;35.57;;;;;;;;;;;;;;;;;;;;;
2021-12-04;3;1505;0.20%;36.01;;;;;;;;;;;;;;;;;;;;;
2021-12-03;9;1761;0.51%;36.86;;;;;;;;;;;;;;;;;;;;;
2021-12-02;6;1613;0.37%;38.27;;;;;;;;;;;;;;;;;;;;;
2021-12-01;7;1577;0.44%;36.87;;;;;;;;;;;;;;;;;;;;;
2021-11-30;11;1715;0.64%;36.32;;;;;;;;;;;;;;;;;;;;;
2021-11-29;3;1669;0.18%;35.89;;;;;;;;;;;;;;;;;;;;;
2021-11-28;5;1763;0.28%;37.48;;;;;;;;;;;;;;;;;;;;;
2021-11-27;1;1680;0.06%;38.87;;;;;;;;;;;;;;;;;;;;;
2021-11-26;3;1772;0.17%;36.25;;;;;;;;;;;;;;;;;;;;;
2021-11-25;9;2159;0.42%;38.3;;;;;;;;;;;;;;;;;;;;;
2021-11-24;6;2789;0.22%;40.15;;;;;;;;;;;;;;;;;;;;;
2021-11-23;11;1702;0.65%;36.19;;;;;;;;;;;;;;;;;;;;;
2021-11-22;11;1623;0.68%;35.27;;;;;;;;;;;;;;;;;;;;;
2021-11-21;6;1408;0.43%;37.33;;;;;;;;;;;;;;;;;;;;;
2021-11-20;0;1371;0%;38.91;;;;;;;;;;;;;;;;;;;;;
2021-11-19;2;1387;0.14%;36.97;;;;;;;;;;;;;;;;;;;;;
2021-11-18;6;1668;0.36%;35.47;;;;;;;;;;;;;;;;;;;;;
2021-11-17;6;1765;0.34%;37.23;;;;;;;;;;;;;;;;;;;;;
2021-11-16;6;1668;0.36%;36.56;;;;;;;;;;;;;;;;;;;;;
2021-11-15;5;1803;0.28%;36.55;;;;;;;;;;;;;;;;;;;;;
2021-11-14;5;1489;0.34%;37.2;;;;;;;;;;;;;;;;;;;;;
2021-11-13;2;1524;0.13%;38.37;;;;;;;;;;;;;;;;;;;;;
2021-11-12;8;1708;0.47%;36.32;;;;;;;;;;;;;;;;;;;;;
2021-11-11;5;1733;0.29%;35.24;;;;;;;;;;;;;;;;;;;;;
2021-11-10;6;1729;0.35%;35.82;;;;;;;;;;;;;;;;;;;;;
2021-11-09;2;1822;0.11%;36.56;;;;;;;;;;;;;;;;;;;;;
2021-11-08;17;1764;0.96%;36.24;;;;;;;;;;;;;;;;;;;;;
2021-11-07;4;1530;0.26%;37.74;;;;;;;;;;;;;;;;;;;;;
2021-11-06;2;1476;0.14%;38.33;;;;;;;;;;;;;;;;;;;;;
2021-11-05;4;1568;0.26%;38.51;;;;;;;;;;;;;;;;;;;;;
2021-11-04;6;1729;0.35%;37.63;;;;;;;;;;;;;;;;;;;;;
2021-11-03;8;1911;0.42%;37.86;;;;;;;;;;;;;;;;;;;;;
2021-11-02;18;1628;1.11%;36.98;;;;;;;;;;;;;;;;;;;;;
2021-11-01;6;1552;0.39%;35.47;;;;;;;;;;;;;;;;;;;;;
2021-10-31;1;1439;0.07%;37.94;;;;;;;;;;;;;;;;;;;;;
2021-10-30;1;1321;0.08%;38.76;;;;;;;;;;;;;;;;;;;;;
2021-10-29;7;1509;0.46%;36.82;;;;;;;;;;;;;;;;;;;;;
2021-10-28;9;1615;0.56%;36.35;;;;;;;;;;;;;;;;;;;;;
2021-10-27;9;1698;0.53%;36.71;;;;;;;;;;;;;;;;;;;;;
2021-10-26;11;1646;0.67%;36.9;;;;;;;;;;;;;;;;;;;;;
2021-10-25;9;1759;0.51%;36.58;;;;;;;;;;;;;;;;;;;;;
2021-10-24;5;1443;0.35%;36.18;;;;;;;;;;;;;;;;;;;;;
2021-10-23;1;1455;0.07%;38.31;;;;;;;;;;;;;;;;;;;;;
2021-10-22;2;1591;0.13%;37.79;;;;;;;;;;;;;;;;;;;;;
2021-10-21;11;1605;0.69%;36.15;;;;;;;;;;;;;;;;;;;;;
2021-10-20;6;1447;0.41%;37.3;;;;;;;;;;;;;;;;;;;;;
2021-10-19;10;1653;0.60%;38.74;;;;;;;;;;;;;;;;;;;;;
2021-10-18;7;1434;0.49%;37.15;;;;;;;;;;;;;;;;;;;;;
2021-10-17;2;1385;0.14%;39.62;;;;;;;;;;;;;;;;;;;;;
2021-10-16;5;1317;0.38%;41.33;;;;;;;;;;;;;;;;;;;;;
2021-10-15;4;1528;0.26%;42.03;;;;;;;;;;;;;;;;;;;;;
2021-10-14;9;1791;0.50%;41.41;;;;;;;;;;;;;;;;;;;;;
2021-10-13;12;1492;0.80%;36.54;;;;;;;;;;;;;;;;;;;;;
2021-10-12;17;1428;1.19%;38.86;;;;;;;;;;;;;;;;;;;;;
2021-10-11;9;1342;0.67%;39.88;;;;;;;;;;;;;;;;;;;;;
2021-10-10;3;962;0.31%;42.18;;;;;;;;;;;;;;;;;;;;;
2021-10-09;0;1146;0%;41.81;;;;;;;;;;;;;;;;;;;;;
2021-10-08;6;1159;0.52%;38.01;;;;;;;;;;;;;;;;;;;;;
2021-10-07;8;1247;0.64%;40.11;;;;;;;;;;;;;;;;;;;;;
2021-10-06;2;1030;0.19%;40.87;;;;;;;;;;;;;;;;;;;;;
2021-10-05;5;925;0.54%;41.26;;;;;;;;;;;;;;;;;;;;;
2021-10-04;8;1108;0.72%;48.63;;;;;;;;;;;;;;;;;;;;;
2021-10-03;6;1068;0.56%;43.89;;;;;;;;;;;;;;;;;;;;;
2021-10-02;0;1013;0%;42.99;;;;;;;;;;;;;;;;;;;;;
2021-10-01;10;1113;0.90%;39.91;;;;;;;;;;;;;;;;;;;;;
2021-09-30;15;1073;1.40%;39.6;;;;;;;;;;;;;;;;;;;;;
2021-09-29;21;1294;1.62%;42.14;;;;;;;;;;;;;;;;;;;;;
2021-09-28;17;1165;1.46%;43.1;;;;;;;;;;;;;;;;;;;;;
2021-09-27;27;1233;2.19%;42.24;;;;;;;;;;;;;;;;;;;;;
2021-09-26;1;1081;0.09%;42.81;;;;;;;;;;;;;;;;;;;;;
2021-09-25;2;969;0.21%;40.48;;;;;;;;;;;;;;;;;;;;;
2021-09-24;6;1242;0.48%;41.54;;;;;;;;;;;;;;;;;;;;;
2021-09-23;5;1040;0.48%;39.98;;;;;;;;;;;;;;;;;;;;;
2021-09-22;10;1055;0.95%;44.19;;;;;;;;;;;;;;;;;;;;;
2021-09-21;9;1149;0.78%;48.02;;;;;;;;;;;;;;;;;;;;;
2021-09-20;4;881;0.45%;49.58;;;;;;;;;;;;;;;;;;;;;
2021-09-19;2;1009;0.20%;53.06;;;;;;;;;;;;;;;;;;;;;
2021-09-18;4;855;0.47%;53.37;;;;;;;;;;;;;;;;;;;;;
2021-09-17;4;955;0.42%;51.71;;;;;;;;;;;;;;;;;;;;;
2021-09-16;8;990;0.81%;50.83;;;;;;;;;;;;;;;;;;;;;
2021-09-15;3;984;0.30%;51.29;;;;;;;;;;;;;;;;;;;;;
2021-09-14;5;1109;0.45%;50.96;;;;;;;;;;;;;;;;;;;;;
2021-09-13;11;1026;1.07%;51.16;;;;;;;;;;;;;;;;;;;;;
2021-09-12;2;885;0.23%;53.54;;;;;;;;;;;;;;;;;;;;;
2021-09-11;4;952;0.42%;55.76;;;;;;;;;;;;;;;;;;;;;
2021-09-10;7;984;0.71%;51.49;;;;;;;;;;;;;;;;;;;;;
2021-09-09;4;1066;0.38%;50.79;;;;;;;;;;;;;;;;;;;;;
2021-09-08;4;958;0.42%;52.12;;;;;;;;;;;;;;;;;;;;;
2021-09-07;6;909;0.66%;49.97;;;;;;;;;;;;;;;;;;;;;
2021-09-06;5;897;0.56%;53.48;;;;;;;;;;;;;;;;;;;;;
2021-09-05;1;873;0.11%;53.46;;;;;;;;;;;;;;;;;;;;;
2021-09-04;1;905;0.11%;54.06;;;;;;;;;;;;;;;;;;;;;
2021-09-03;4;926;0.43%;49.84;;;;;;;;;;;;;;;;;;;;;
2021-09-02;5;972;0.51%;49.76;;;;;;;;;;;;;;;;;;;;;
2021-09-01;3;1031;0.29%;54.73;;;;;;;;;;;;;;;;;;;;;
2021-08-31;12;878;1.37%;50.24;;;;;;;;;;;;;;;;;;;;;
2021-08-30;4;781;0.51%;48.94;;;;;;;;;;;;;;;;;;;;;
2021-08-29;2;861;0.23%;52.93;;;;;;;;;;;;;;;;;;;;;
2021-08-28;0;815;0%;52.09;;;;;;;;;;;;;;;;;;;;;
2021-08-27;1;819;0.12%;50.28;;;;;;;;;;;;;;;;;;;;;
2021-08-26;8;966;0.83%;48.9;;;;;;;;;;;;;;;;;;;;;
2021-08-25;13;1045;1.24%;49.85;;;;;;;;;;;;;;;;;;;;;
2021-08-24;3;709;0.42%;49.76;;;;;;;;;;;;;;;;;;;;;
2021-08-23;8;531;1.51%;49.19;;;;;;;;;;;;;;;;;;;;;
2021-08-22;5;867;0.58%;51.7;;;;;;;;;;;;;;;;;;;;;
2021-08-21;2;880;0.23%;49.28;;;;;;;;;;;;;;;;;;;;;
2021-08-20;8;1182;0.68%;51.38;;;;;;;;;;;;;;;;;;;;;
2021-08-19;16;996;1.61%;49.48;;;;;;;;;;;;;;;;;;;;;
2021-08-18;7;1007;0.70%;50.47;;;;;;;;;;;;;;;;;;;;;
2021-08-17;11;914;1.20%;50.26;;;;;;;;;;;;;;;;;;;;;
2021-08-16;5;807;0.62%;50.93;;;;;;;;;;;;;;;;;;;;;
2021-08-15;2;921;0.22%;53.07;;;;;;;;;;;;;;;;;;;;;
2021-08-14;1;894;0.11%;52.85;;;;;;;;;;;;;;;;;;;;;
2021-08-13;2;938;0.21%;51.52;;;;;;;;;;;;;;;;;;;;;
2021-08-12;10;1125;0.89%;48.7;;;;;;;;;;;;;;;;;;;;;
2021-08-11;4;944;0.42%;52.19;;;;;;;;;;;;;;;;;;;;;
2021-08-10;8;977;0.82%;51.71;;;;;;;;;;;;;;;;;;;;;
2021-08-09;5;1058;0.47%;50.29;;;;;;;;;;;;;;;;;;;;;
2021-08-08;1;887;0.11%;51.01;;;;;;;;;;;;;;;;;;;;;
2021-08-07;1;802;0.12%;49.89;;;;;;;;;;;;;;;;;;;;;
2021-08-06;1;821;0.12%;51.4;;;;;;;;;;;;;;;;;;;;;
2021-08-05;2;910;0.22%;51.34;;;;;;;;;;;;;;;;;;;;;
2021-08-04;11;869;1.27%;50.05;;;;;;;;;;;;;;;;;;;;;
2021-08-03;7;871;0.80%;50;;;;;;;;;;;;;;;;;;;;;
2021-08-02;8;890;0.90%;50.96;;;;;;;;;;;;;;;;;;;;;
2021-08-01;1;802;0.12%;53.31;;;;;;;;;;;;;;;;;;;;;
2021-07-31;1;845;0.12%;52.69;;;;;;;;;;;;;;;;;;;;;
2021-07-30;0;1027;0%;53.67;;;;;;;;;;;;;;;;;;;;;
2021-07-29;3;954;0.31%;48.76;;;;;;;;;;;;;;;;;;;;;
2021-07-28;3;912;0.33%;50.48;;;;;;;;;;;;;;;;;;;;;
2021-07-27;3;1046;0.29%;48.85;;;;;;;;;;;;;;;;;;;;;
2021-07-26;5;1009;0.50%;50.64;;;;;;;;;;;;;;;;;;;;;
2021-07-25;2;900;0.22%;50.09;;;;;;;;;;;;;;;;;;;;;
2021-07-24;1;1047;0.10%;53.62;;;;;;;;;;;;;;;;;;;;;
2021-07-23;1;1068;0.09%;53.24;;;;;;;;;;;;;;;;;;;;;
2021-07-22;4;928;0.43%;51.36;;;;;;;;;;;;;;;;;;;;;
2021-07-21;1;1193;0.08%;51.45;;;;;;;;;;;;;;;;;;;;;
2021-07-20;2;1008;0.20%;49.48;;;;;;;;;;;;;;;;;;;;;
2021-07-19;3;1059;0.28%;50.52;;;;;;;;;;;;;;;;;;;;;
2021-07-18;1;977;0.10%;51.63;;;;;;;;;;;;;;;;;;;;;
2021-07-17;1;989;0.10%;53.42;;;;;;;;;;;;;;;;;;;;;
2021-07-16;7;1157;0.61%;51.16;;;;;;;;;;;;;;;;;;;;;
2021-07-15;0;1081;0%;52.86;;;;;;;;;;;;;;;;;;;;;
2021-07-14;2;1157;0.17%;52;;;;;;;;;;;;;;;;;;;;;
2021-07-13;5;1094;0.46%;51.65;;;;;;;;;;;;;;;;;;;;;
2021-07-12;3;1014;0.30%;51.7;;;;;;;;;;;;;;;;;;;;;
2021-07-11;1;1029;0.10%;50.37;;;;;;;;;;;;;;;;;;;;;
2021-07-10;2;1029;0.19%;49.46;;;;;;;;;;;;;;;;;;;;;
2021-07-09;4;1114;0.36%;49.68;;;;;;;;;;;;;;;;;;;;;
2021-07-08;3;1011;0.30%;52.31;;;;;;;;;;;;;;;;;;;;;
2021-07-07;1;1064;0.09%;51.29;;;;;;;;;;;;;;;;;;;;;
2021-07-06;4;1140;0.35%;51.83;;;;;;;;;;;;;;;;;;;;;
2021-07-05;2;1001;0.20%;51.37;;;;;;;;;;;;;;;;;;;;;
2021-07-04;2;910;0.22%;51.67;;;;;;;;;;;;;;;;;;;;;
2021-07-03;1;1012;0.10%;51.78;;;;;;;;;;;;;;;;;;;;;
2021-07-02;1;1092;0.09%;49.48;;;;;;;;;;;;;;;;;;;;;
2021-07-01;8;1114;0.72%;49.21;;;;;;;;;;;;;;;;;;;;;
2021-06-30;2;1160;0.17%;49.12;;;;;;;;;;;;;;;;;;;;;
2021-06-29;5;1144;0.44%;49.92;;;;;;;;;;;;;;;;;;;;;
2021-06-28;3;1056;0.28%;51.63;;;;;;;;;;;;;;;;;;;;;
2021-06-27;5;1144;0.44%;52.65;;;;;;;;;;;;;;;;;;;;;
2021-06-26;1;1089;0.09%;53.29;;;;;;;;;;;;;;;;;;;;;
2021-06-25;4;998;0.40%;50.27;;;;;;;;;;;;;;;;;;;;;
2021-06-24;11;1104;1%;49.32;;;;;;;;;;;;;;;;;;;;;
2021-06-23;3;1035;0.29%;47.83;;;;;;;;;;;;;;;;;;;;;
2021-06-22;5;1023;0.49%;48.45;;;;;;;;;;;;;;;;;;;;;
2021-06-21;4;1137;0.35%;50.35;;;;;;;;;;;;;;;;;;;;;
2021-06-20;3;972;0.31%;47.72;;;;;;;;;;;;;;;;;;;;;
2021-06-19;5;954;0.52%;48.48;;;;;;;;;;;;;;;;;;;;;
2021-06-18;2;1008;0.20%;49.08;;;;;;;;;;;;;;;;;;;;;
2021-06-17;2;827;0.24%;48.31;;;;;;;;;;;;;;;;;;;;;
;;;;;;;;;;;;;;;;;;;;;;;;;
;;;;;;;;;;;;;;;;;;;;;;;;;
;;;;;;;;;;;;;;;;;;;;;;;;;
;;;;;;;;;;;;;;;;;;;;;;;;;
;;;;;;;;;;;;;;;;;;;;;;;;;
;;;;;;;;;;;;;;;;;;;;;;;;;
;;;;;;;;;;;;;;;;;;;;;;;;;
;;;;;;;;;;;;;;;;;;;;;;;;;
;;;;;;;;;;;;;;;;;;;;;;;;;
;;;;;;;;;;;;;;;;;;;;;;;;;
;;;;;;;;;;;;;;;;;;;;;;;;;
;;;;;;;;;;;;;;;;;;;;;;;;;
;;;;;;;;;;;;;;;;;;;;;;;;;
;;;;;;;;;;;;;;;;;;;;;;;;;
;;;;;;;;;;;;;;;;;;;;;;;;;
;;;;;;;;;;;;;;;;;;;;;;;;;
;;;;;;;;;;;;;;;;;;;;;;;;;
;;;;;;;;;;;;;;;;;;;;;;;;;
;;;;;;;;;;;;;;;;;;;;;;;;;
;;;;;;;;;;;;;;;;;;;;;;;;;
;;;;;;;;;;;;;;;;;;;;;;;;;
;;;;;;;;;;;;;;;;;;;;;;;;;
;;;;;;;;;;;;;;;;;;;;;;;;;
;;;;;;;;;;;;;;;;;;;;;;;;;
;;;;;;;;;;;;;;;;;;;;;;;;;
;;;;;;;;;;;;;;;;;;;;;;;;;
;;;;;;;;;;;;;;;;;;;;;;;;;
;;;;;;;;;;;;;;;;;;;;;;;;;
;;;;;;;;;;;;;;;;;;;;;;;;;
;;;;;;;;;;;;;;;;;;;;;;;;;
;;;;;;;;;;;;;;;;;;;;;;;;;
;;;;;;;;;;;;;;;;;;;;;;;;;
;;;;;;;;;;;;;;;;;;;;;;;;;
;;;;;;;;;;;;;;;;;;;;;;;;;
;;;;;;;;;;;;;;;;;;;;;;;;;
;;;;;;;;;;;;;;;;;;;;;;;;;
;;;;;;;;;;;;;;;;;;;;;;;;;
;;;;;;;;;;;;;;;;;;;;;;;;;
;;;;;;;;;;;;;;;;;;;;;;;;;
;;;;;;;;;;;;;;;;;;;;;;;;;
;;;;;;;;;;;;;;;;;;;;;;;;;
;;;;;;;;;;;;;;;;;;;;;;;;;
;;;;;;;;;;;;;;;;;;;;;;;;;
;;;;;;;;;;;;;;;;;;;;;;;;;
;;;;;;;;;;;;;;;;;;;;;;;;;
;;;;;;;;;;;;;;;;;;;;;;;;;
;;;;;;;;;;;;;;;;;;;;;;;;;
;;;;;;;;;;;;;;;;;;;;;;;;;
;;;;;;;;;;;;;;;;;;;;;;;;;
;;;;;;;;;;;;;;;;;;;;;;;;;
;;;;;;;;;;;;;;;;;;;;;;;;;
;;;;;;;;;;;;;;;;;;;;;;;;;
;;;;;;;;;;;;;;;;;;;;;;;;;
;;;;;;;;;;;;;;;;;;;;;;;;;
;;;;;;;;;;;;;;;;;;;;;;;;;
;;;;;;;;;;;;;;;;;;;;;;;;;
;;;;;;;;;;;;;;;;;;;;;;;;;
;;;;;;;;;;;;;;;;;;;;;;;;;
;;;;;;;;;;;;;;;;;;;;;;;;;
;;;;;;;;;;;;;;;;;;;;;;;;;
;;;;;;;;;;;;;;;;;;;;;;;;;
;;;;;;;;;;;;;;;;;;;;;;;;;
;;;;;;;;;;;;;;;;;;;;;;;;;
;;;;;;;;;;;;;;;;;;;;;;;;;
;;;;;;;;;;;;;;;;;;;;;;;;;
;;;;;;;;;;;;;;;;;;;;;;;;;
;;;;;;;;;;;;;;;;;;;;;;;;;
;;;;;;;;;;;;;;;;;;;;;;;;;
;;;;;;;;;;;;;;;;;;;;;;;;;
;;;;;;;;;;;;;;;;;;;;;;;;;
;;;;;;;;;;;;;;;;;;;;;;;;;
;;;;;;;;;;;;;;;;;;;;;;;;;
;;;;;;;;;;;;;;;;;;;;;;;;;
;;;;;;;;;;;;;;;;;;;;;;;;;
;;;;;;;;;;;;;;;;;;;;;;;;;
;;;;;;;;;;;;;;;;;;;;;;;;;
;;;;;;;;;;;;;;;;;;;;;;;;;
;;;;;;;;;;;;;;;;;;;;;;;;;
;;;;;;;;;;;;;;;;;;;;;;;;;
;;;;;;;;;;;;;;;;;;;;;;;;;
;;;;;;;;;;;;;;;;;;;;;;;;;
;;;;;;;;;;;;;;;;;;;;;;;;;
;;;;;;;;;;;;;;;;;;;;;;;;;
;;;;;;;;;;;;;;;;;;;;;;;;;
;;;;;;;;;;;;;;;;;;;;;;;;;
;;;;;;;;;;;;;;;;;;;;;;;;;
;;;;;;;;;;;;;;;;;;;;;;;;;
;;;;;;;;;;;;;;;;;;;;;;;;;
;;;;;;;;;;;;;;;;;;;;;;;;;
;;;;;;;;;;;;;;;;;;;;;;;;;
;;;;;;;;;;;;;;;;;;;;;;;;;
;;;;;;;;;;;;;;;;;;;;;;;;;
;;;;;;;;;;;;;;;;;;;;;;;;;
;;;;;;;;;;;;;;;;;;;;;;;;;
;;;;;;;;;;;;;;;;;;;;;;;;;
;;;;;;;;;;;;;;;;;;;;;;;;;
;;;;;;;;;;;;;;;;;;;;;;;;;
;;;;;;;;;;;;;;;;;;;;;;;;;
;;;;;;;;;;;;;;;;;;;;;;;;;
;;;;;;;;;;;;;;;;;;;;;;;;;
;;;;;;;;;;;;;;;;;;;;;;;;;
;;;;;;;;;;;;;;;;;;;;;;;;;
;;;;;;;;;;;;;;;;;;;;;;;;;
;;;;;;;;;;;;;;;;;;;;;;;;;
;;;;;;;;;;;;;;;;;;;;;;;;;
;;;;;;;;;;;;;;;;;;;;;;;;;
;;;;;;;;;;;;;;;;;;;;;;;;;
;;;;;;;;;;;;;;;;;;;;;;;;;
;;;;;;;;;;;;;;;;;;;;;;;;;
;;;;;;;;;;;;;;;;;;;;;;;;;
;;;;;;;;;;;;;;;;;;;;;;;;;
;;;;;;;;;;;;;;;;;;;;;;;;;
;;;;;;;;;;;;;;;;;;;;;;;;;
;;;;;;;;;;;;;;;;;;;;;;;;;
;;;;;;;;;;;;;;;;;;;;;;;;;
;;;;;;;;;;;;;;;;;;;;;;;;;
;;;;;;;;;;;;;;;;;;;;;;;;;
;;;;;;;;;;;;;;;;;;;;;;;;;
;;;;;;;;;;;;;;;;;;;;;;;;;
;;;;;;;;;;;;;;;;;;;;;;;;;
;;;;;;;;;;;;;;;;;;;;;;;;;
;;;;;;;;;;;;;;;;;;;;;;;;;
;;;;;;;;;;;;;;;;;;;;;;;;;
;;;;;;;;;;;;;;;;;;;;;;;;;
;;;;;;;;;;;;;;;;;;;;;;;;;
;;;;;;;;;;;;;;;;;;;;;;;;;
;;;;;;;;;;;;;;;;;;;;;;;;;
;;;;;;;;;;;;;;;;;;;;;;;;;
;;;;;;;;;;;;;;;;;;;;;;;;;
;;;;;;;;;;;;;;;;;;;;;;;;;
;;;;;;;;;;;;;;;;;;;;;;;;;
;;;;;;;;;;;;;;;;;;;;;;;;;
;;;;;;;;;;;;;;;;;;;;;;;;;
;;;;;;;;;;;;;;;;;;;;;;;;;
;;;;;;;;;;;;;;;;;;;;;;;;;
;;;;;;;;;;;;;;;;;;;;;;;;;
;;;;;;;;;;;;;;;;;;;;;;;;;
;;;;;;;;;;;;;;;;;;;;;;;;;
;;;;;;;;;;;;;;;;;;;;;;;;;
;;;;;;;;;;;;;;;;;;;;;;;;;
;;;;;;;;;;;;;;;;;;;;;;;;;
;;;;;;;;;;;;;;;;;;;;;;;;;
;;;;;;;;;;;;;;;;;;;;;;;;;
;;;;;;;;;;;;;;;;;;;;;;;;;
;;;;;;;;;;;;;;;;;;;;;;;;;
;;;;;;;;;;;;;;;;;;;;;;;;;
;;;;;;;;;;;;;;;;;;;;;;;;;
;;;;;;;;;;;;;;;;;;;;;;;;;
;;;;;;;;;;;;;;;;;;;;;;;;;
;;;;;;;;;;;;;;;;;;;;;;;;;
;;;;;;;;;;;;;;;;;;;;;;;;;
;;;;;;;;;;;;;;;;;;;;;;;;;
;;;;;;;;;;;;;;;;;;;;;;;;;
;;;;;;;;;;;;;;;;;;;;;;;;;
;;;;;;;;;;;;;;;;;;;;;;;;;
;;;;;;;;;;;;;;;;;;;;;;;;;
;;;;;;;;;;;;;;;;;;;;;;;;;
;;;;;;;;;;;;;;;;;;;;;;;;;
;;;;;;;;;;;;;;;;;;;;;;;;;
;;;;;;;;;;;;;;;;;;;;;;;;;
;;;;;;;;;;;;;;;;;;;;;;;;;
;;;;;;;;;;;;;;;;;;;;;;;;;
;;;;;;;;;;;;;;;;;;;;;;;;;
;;;;;;;;;;;;;;;;;;;;;;;;;
;;;;;;;;;;;;;;;;;;;;;;;;;
;;;;;;;;;;;;;;;;;;;;;;;;;
;;;;;;;;;;;;;;;;;;;;;;;;;
;;;;;;;;;;;;;;;;;;;;;;;;;
;;;;;;;;;;;;;;;;;;;;;;;;;
;;;;;;;;;;;;;;;;;;;;;;;;;
;;;;;;;;;;;;;;;;;;;;;;;;;
;;;;;;;;;;;;;;;;;;;;;;;;;
;;;;;;;;;;;;;;;;;;;;;;;;;
;;;;;;;;;;;;;;;;;;;;;;;;;
;;;;;;;;;;;;;;;;;;;;;;;;;
;;;;;;;;;;;;;;;;;;;;;;;;;
;;;;;;;;;;;;;;;;;;;;;;;;;
;;;;;;;;;;;;;;;;;;;;;;;;;
;;;;;;;;;;;;;;;;;;;;;;;;;
;;;;;;;;;;;;;;;;;;;;;;;;;
;;;;;;;;;;;;;;;;;;;;;;;;;
;;;;;;;;;;;;;;;;;;;;;;;;;
;;;;;;;;;;;;;;;;;;;;;;;;;
;;;;;;;;;;;;;;;;;;;;;;;;;
;;;;;;;;;;;;;;;;;;;;;;;;;
;;;;;;;;;;;;;;;;;;;;;;;;;
;;;;;;;;;;;;;;;;;;;;;;;;;
;;;;;;;;;;;;;;;;;;;;;;;;;
;;;;;;;;;;;;;;;;;;;;;;;;;
;;;;;;;;;;;;;;;;;;;;;;;;;
;;;;;;;;;;;;;;;;;;;;;;;;;
;;;;;;;;;;;;;;;;;;;;;;;;;
;;;;;;;;;;;;;;;;;;;;;;;;;
;;;;;;;;;;;;;;;;;;;;;;;;;
;;;;;;;;;;;;;;;;;;;;;;;;;
;;;;;;;;;;;;;;;;;;;;;;;;;
;;;;;;;;;;;;;;;;;;;;;;;;;
;;;;;;;;;;;;;;;;;;;;;;;;;
;;;;;;;;;;;;;;;;;;;;;;;;;
;;;;;;;;;;;;;;;;;;;;;;;;;
;;;;;;;;;;;;;;;;;;;;;;;;;
;;;;;;;;;;;;;;;;;;;;;;;;;
;;;;;;;;;;;;;;;;;;;;;;;;;
;;;;;;;;;;;;;;;;;;;;;;;;;
;;;;;;;;;;;;;;;;;;;;;;;;;
;;;;;;;;;;;;;;;;;;;;;;;;;
;;;;;;;;;;;;;;;;;;;;;;;;;
;;;;;;;;;;;;;;;;;;;;;;;;;
;;;;;;;;;;;;;;;;;;;;;;;;;
;;;;;;;;;;;;;;;;;;;;;;;;;
;;;;;;;;;;;;;;;;;;;;;;;;;
;;;;;;;;;;;;;;;;;;;;;;;;;
;;;;;;;;;;;;;;;;;;;;;;;;;
;;;;;;;;;;;;;;;;;;;;;;;;;
;;;;;;;;;;;;;;;;;;;;;;;;;
;;;;;;;;;;;;;;;;;;;;;;;;;
;;;;;;;;;;;;;;;;;;;;;;;;;
;;;;;;;;;;;;;;;;;;;;;;;;;
;;;;;;;;;;;;;;;;;;;;;;;;;
;;;;;;;;;;;;;;;;;;;;;;;;;
;;;;;;;;;;;;;;;;;;;;;;;;;
;;;;;;;;;;;;;;;;;;;;;;;;;
;;;;;;;;;;;;;;;;;;;;;;;;;
;;;;;;;;;;;;;;;;;;;;;;;;;
;;;;;;;;;;;;;;;;;;;;;;;;;
;;;;;;;;;;;;;;;;;;;;;;;;;
;;;;;;;;;;;;;;;;;;;;;;;;;
;;;;;;;;;;;;;;;;;;;;;;;;;
;;;;;;;;;;;;;;;;;;;;;;;;;
;;;;;;;;;;;;;;;;;;;;;;;;;
;;;;;;;;;;;;;;;;;;;;;;;;;
;;;;;;;;;;;;;;;;;;;;;;;;;
;;;;;;;;;;;;;;;;;;;;;;;;;
;;;;;;;;;;;;;;;;;;;;;;;;;
;;;;;;;;;;;;;;;;;;;;;;;;;
;;;;;;;;;;;;;;;;;;;;;;;;;
;;;;;;;;;;;;;;;;;;;;;;;;;
;;;;;;;;;;;;;;;;;;;;;;;;;
;;;;;;;;;;;;;;;;;;;;;;;;;
;;;;;;;;;;;;;;;;;;;;;;;;;
;;;;;;;;;;;;;;;;;;;;;;;;;
;;;;;;;;;;;;;;;;;;;;;;;;;
;;;;;;;;;;;;;;;;;;;;;;;;;
;;;;;;;;;;;;;;;;;;;;;;;;;
;;;;;;;;;;;;;;;;;;;;;;;;;
;;;;;;;;;;;;;;;;;;;;;;;;;
;;;;;;;;;;;;;;;;;;;;;;;;;
;;;;;;;;;;;;;;;;;;;;;;;;;
;;;;;;;;;;;;;;;;;;;;;;;;;
;;;;;;;;;;;;;;;;;;;;;;;;;
;;;;;;;;;;;;;;;;;;;;;;;;;
;;;;;;;;;;;;;;;;;;;;;;;;;
;;;;;;;;;;;;;;;;;;;;;;;;;
;;;;;;;;;;;;;;;;;;;;;;;;;
;;;;;;;;;;;;;;;;;;;;;;;;;
;;;;;;;;;;;;;;;;;;;;;;;;;
;;;;;;;;;;;;;;;;;;;;;;;;;
;;;;;;;;;;;;;;;;;;;;;;;;;
;;;;;;;;;;;;;;;;;;;;;;;;;
;;;;;;;;;;;;;;;;;;;;;;;;;
;;;;;;;;;;;;;;;;;;;;;;;;;
;;;;;;;;;;;;;;;;;;;;;;;;;
;;;;;;;;;;;;;;;;;;;;;;;;;
;;;;;;;;;;;;;;;;;;;;;;;;;
;;;;;;;;;;;;;;;;;;;;;;;;;
;;;;;;;;;;;;;;;;;;;;;;;;;
;;;;;;;;;;;;;;;;;;;;;;;;;
;;;;;;;;;;;;;;;;;;;;;;;;;
;;;;;;;;;;;;;;;;;;;;;;;;;
;;;;;;;;;;;;;;;;;;;;;;;;;
;;;;;;;;;;;;;;;;;;;;;;;;;
;;;;;;;;;;;;;;;;;;;;;;;;;
;;;;;;;;;;;;;;;;;;;;;;;;;
;;;;;;;;;;;;;;;;;;;;;;;;;
;;;;;;;;;;;;;;;;;;;;;;;;;
;;;;;;;;;;;;;;;;;;;;;;;;;
;;;;;;;;;;;;;;;;;;;;;;;;;
;;;;;;;;;;;;;;;;;;;;;;;;;
;;;;;;;;;;;;;;;;;;;;;;;;;
;;;;;;;;;;;;;;;;;;;;;;;;;
;;;;;;;;;;;;;;;;;;;;;;;;;
;;;;;;;;;;;;;;;;;;;;;;;;;
;;;;;;;;;;;;;;;;;;;;;;;;;
;;;;;;;;;;;;;;;;;;;;;;;;;
;;;;;;;;;;;;;;;;;;;;;;;;;
;;;;;;;;;;;;;;;;;;;;;;;;;
;;;;;;;;;;;;;;;;;;;;;;;;;
;;;;;;;;;;;;;;;;;;;;;;;;;
;;;;;;;;;;;;;;;;;;;;;;;;;
;;;;;;;;;;;;;;;;;;;;;;;;;
;;;;;;;;;;;;;;;;;;;;;;;;;
;;;;;;;;;;;;;;;;;;;;;;;;;
;;;;;;;;;;;;;;;;;;;;;;;;;
;;;;;;;;;;;;;;;;;;;;;;;;;
;;;;;;;;;;;;;;;;;;;;;;;;;
;;;;;;;;;;;;;;;;;;;;;;;;;
;;;;;;;;;;;;;;;;;;;;;;;;;
;;;;;;;;;;;;;;;;;;;;;;;;;
;;;;;;;;;;;;;;;;;;;;;;;;;
;;;;;;;;;;;;;;;;;;;;;;;;;
;;;;;;;;;;;;;;;;;;;;;;;;;
;;;;;;;;;;;;;;;;;;;;;;;;;
;;;;;;;;;;;;;;;;;;;;;;;;;
;;;;;;;;;;;;;;;;;;;;;;;;;
;;;;;;;;;;;;;;;;;;;;;;;;;
;;;;;;;;;;;;;;;;;;;;;;;;;
;;;;;;;;;;;;;;;;;;;;;;;;;
;;;;;;;;;;;;;;;;;;;;;;;;;
;;;;;;;;;;;;;;;;;;;;;;;;;
;;;;;;;;;;;;;;;;;;;;;;;;;
;;;;;;;;;;;;;;;;;;;;;;;;;
;;;;;;;;;;;;;;;;;;;;;;;;;
;;;;;;;;;;;;;;;;;;;;;;;;;
;;;;;;;;;;;;;;;;;;;;;;;;;
;;;;;;;;;;;;;;;;;;;;;;;;;
;;;;;;;;;;;;;;;;;;;;;;;;;
;;;;;;;;;;;;;;;;;;;;;;;;;
;;;;;;;;;;;;;;;;;;;;;;;;;
;;;;;;;;;;;;;;;;;;;;;;;;;
;;;;;;;;;;;;;;;;;;;;;;;;;
;;;;;;;;;;;;;;;;;;;;;;;;;
;;;;;;;;;;;;;;;;;;;;;;;;;
;;;;;;;;;;;;;;;;;;;;;;;;;
;;;;;;;;;;;;;;;;;;;;;;;;;
;;;;;;;;;;;;;;;;;;;;;;;;;
;;;;;;;;;;;;;;;;;;;;;;;;;
;;;;;;;;;;;;;;;;;;;;;;;;;
;;;;;;;;;;;;;;;;;;;;;;;;;
;;;;;;;;;;;;;;;;;;;;;;;;;
;;;;;;;;;;;;;;;;;;;;;;;;;
;;;;;;;;;;;;;;;;;;;;;;;;;
;;;;;;;;;;;;;;;;;;;;;;;;;
;;;;;;;;;;;;;;;;;;;;;;;;;
;;;;;;;;;;;;;;;;;;;;;;;;;
;;;;;;;;;;;;;;;;;;;;;;;;;
;;;;;;;;;;;;;;;;;;;;;;;;;
;;;;;;;;;;;;;;;;;;;;;;;;;
;;;;;;;;;;;;;;;;;;;;;;;;;
;;;;;;;;;;;;;;;;;;;;;;;;;
;;;;;;;;;;;;;;;;;;;;;;;;;
;;;;;;;;;;;;;;;;;;;;;;;;;
;;;;;;;;;;;;;;;;;;;;;;;;;
;;;;;;;;;;;;;;;;;;;;;;;;;
;;;;;;;;;;;;;;;;;;;;;;;;;
;;;;;;;;;;;;;;;;;;;;;;;;;
;;;;;;;;;;;;;;;;;;;;;;;;;
;;;;;;;;;;;;;;;;;;;;;;;;;
;;;;;;;;;;;;;;;;;;;;;;;;;
;;;;;;;;;;;;;;;;;;;;;;;;;
;;;;;;;;;;;;;;;;;;;;;;;;;
;;;;;;;;;;;;;;;;;;;;;;;;;
;;;;;;;;;;;;;;;;;;;;;;;;;
;;;;;;;;;;;;;;;;;;;;;;;;;
;;;;;;;;;;;;;;;;;;;;;;;;;
;;;;;;;;;;;;;;;;;;;;;;;;;
;;;;;;;;;;;;;;;;;;;;;;;;;
;;;;;;;;;;;;;;;;;;;;;;;;;
;;;;;;;;;;;;;;;;;;;;;;;;;
;;;;;;;;;;;;;;;;;;;;;;;;;
;;;;;;;;;;;;;;;;;;;;;;;;;
;;;;;;;;;;;;;;;;;;;;;;;;;
;;;;;;;;;;;;;;;;;;;;;;;;;
;;;;;;;;;;;;;;;;;;;;;;;;;
;;;;;;;;;;;;;;;;;;;;;;;;;
;;;;;;;;;;;;;;;;;;;;;;;;;
;;;;;;;;;;;;;;;;;;;;;;;;;
;;;;;;;;;;;;;;;;;;;;;;;;;
;;;;;;;;;;;;;;;;;;;;;;;;;
;;;;;;;;;;;;;;;;;;;;;;;;;
;;;;;;;;;;;;;;;;;;;;;;;;;
;;;;;;;;;;;;;;;;;;;;;;;;;
;;;;;;;;;;;;;;;;;;;;;;;;;
;;;;;;;;;;;;;;;;;;;;;;;;;
;;;;;;;;;;;;;;;;;;;;;;;;;
;;;;;;;;;;;;;;;;;;;;;;;;;
;;;;;;;;;;;;;;;;;;;;;;;;;
;;;;;;;;;;;;;;;;;;;;;;;;;
;;;;;;;;;;;;;;;;;;;;;;;;;
;;;;;;;;;;;;;;;;;;;;;;;;;
;;;;;;;;;;;;;;;;;;;;;;;;;
;;;;;;;;;;;;;;;;;;;;;;;;;
;;;;;;;;;;;;;;;;;;;;;;;;;
;;;;;;;;;;;;;;;;;;;;;;;;;
;;;;;;;;;;;;;;;;;;;;;;;;;
;;;;;;;;;;;;;;;;;;;;;;;;;
;;;;;;;;;;;;;;;;;;;;;;;;;
;;;;;;;;;;;;;;;;;;;;;;;;;
;;;;;;;;;;;;;;;;;;;;;;;;;
;;;;;;;;;;;;;;;;;;;;;;;;;
;;;;;;;;;;;;;;;;;;;;;;;;;
;;;;;;;;;;;;;;;;;;;;;;;;;
;;;;;;;;;;;;;;;;;;;;;;;;;
;;;;;;;;;;;;;;;;;;;;;;;;;
;;;;;;;;;;;;;;;;;;;;;;;;;
;;;;;;;;;;;;;;;;;;;;;;;;;
;;;;;;;;;;;;;;;;;;;;;;;;;
;;;;;;;;;;;;;;;;;;;;;;;;;
;;;;;;;;;;;;;;;;;;;;;;;;;
;;;;;;;;;;;;;;;;;;;;;;;;;
;;;;;;;;;;;;;;;;;;;;;;;;;
;;;;;;;;;;;;;;;;;;;;;;;;;
;;;;;;;;;;;;;;;;;;;;;;;;;
;;;;;;;;;;;;;;;;;;;;;;;;;
;;;;;;;;;;;;;;;;;;;;;;;;;
;;;;;;;;;;;;;;;;;;;;;;;;;
;;;;;;;;;;;;;;;;;;;;;;;;;
;;;;;;;;;;;;;;;;;;;;;;;;;
;;;;;;;;;;;;;;;;;;;;;;;;;
;;;;;;;;;;;;;;;;;;;;;;;;;
;;;;;;;;;;;;;;;;;;;;;;;;;
;;;;;;;;;;;;;;;;;;;;;;;;;
;;;;;;;;;;;;;;;;;;;;;;;;;
;;;;;;;;;;;;;;;;;;;;;;;;;
;;;;;;;;;;;;;;;;;;;;;;;;;
;;;;;;;;;;;;;;;;;;;;;;;;;
;;;;;;;;;;;;;;;;;;;;;;;;;
;;;;;;;;;;;;;;;;;;;;;;;;;
;;;;;;;;;;;;;;;;;;;;;;;;;
;;;;;;;;;;;;;;;;;;;;;;;;;
;;;;;;;;;;;;;;;;;;;;;;;;;
;;;;;;;;;;;;;;;;;;;;;;;;;
;;;;;;;;;;;;;;;;;;;;;;;;;
;;;;;;;;;;;;;;;;;;;;;;;;;
;;;;;;;;;;;;;;;;;;;;;;;;;
;;;;;;;;;;;;;;;;;;;;;;;;;
;;;;;;;;;;;;;;;;;;;;;;;;;
;;;;;;;;;;;;;;;;;;;;;;;;;
;;;;;;;;;;;;;;;;;;;;;;;;;
;;;;;;;;;;;;;;;;;;;;;;;;;
;;;;;;;;;;;;;;;;;;;;;;;;;
;;;;;;;;;;;;;;;;;;;;;;;;;
;;;;;;;;;;;;;;;;;;;;;;;;;
;;;;;;;;;;;;;;;;;;;;;;;;;
;;;;;;;;;;;;;;;;;;;;;;;;;
;;;;;;;;;;;;;;;;;;;;;;;;;
;;;;;;;;;;;;;;;;;;;;;;;;;
;;;;;;;;;;;;;;;;;;;;;;;;;
;;;;;;;;;;;;;;;;;;;;;;;;;
;;;;;;;;;;;;;;;;;;;;;;;;;
;;;;;;;;;;;;;;;;;;;;;;;;;
;;;;;;;;;;;;;;;;;;;;;;;;;
;;;;;;;;;;;;;;;;;;;;;;;;;
;;;;;;;;;;;;;;;;;;;;;;;;;
;;;;;;;;;;;;;;;;;;;;;;;;;
;;;;;;;;;;;;;;;;;;;;;;;;;
;;;;;;;;;;;;;;;;;;;;;;;;;
;;;;;;;;;;;;;;;;;;;;;;;;;
;;;;;;;;;;;;;;;;;;;;;;;;;
;;;;;;;;;;;;;;;;;;;;;;;;;
;;;;;;;;;;;;;;;;;;;;;;;;;
;;;;;;;;;;;;;;;;;;;;;;;;;
;;;;;;;;;;;;;;;;;;;;;;;;;
;;;;;;;;;;;;;;;;;;;;;;;;;
;;;;;;;;;;;;;;;;;;;;;;;;;
;;;;;;;;;;;;;;;;;;;;;;;;;
;;;;;;;;;;;;;;;;;;;;;;;;;
;;;;;;;;;;;;;;;;;;;;;;;;;
;;;;;;;;;;;;;;;;;;;;;;;;;
;;;;;;;;;;;;;;;;;;;;;;;;;
;;;;;;;;;;;;;;;;;;;;;;;;;
;;;;;;;;;;;;;;;;;;;;;;;;;
;;;;;;;;;;;;;;;;;;;;;;;;;
;;;;;;;;;;;;;;;;;;;;;;;;;
;;;;;;;;;;;;;;;;;;;;;;;;;
;;;;;;;;;;;;;;;;;;;;;;;;;
;;;;;;;;;;;;;;;;;;;;;;;;;
;;;;;;;;;;;;;;;;;;;;;;;;;
;;;;;;;;;;;;;;;;;;;;;;;;;
;;;;;;;;;;;;;;;;;;;;;;;;;
;;;;;;;;;;;;;;;;;;;;;;;;;
;;;;;;;;;;;;;;;;;;;;;;;;;
;;;;;;;;;;;;;;;;;;;;;;;;;
;;;;;;;;;;;;;;;;;;;;;;;;;
;;;;;;;;;;;;;;;;;;;;;;;;;
;;;;;;;;;;;;;;;;;;;;;;;;;
;;;;;;;;;;;;;;;;;;;;;;;;;
;;;;;;;;;;;;;;;;;;;;;;;;;
;;;;;;;;;;;;;;;;;;;;;;;;;
;;;;;;;;;;;;;;;;;;;;;;;;;
;;;;;;;;;;;;;;;;;;;;;;;;;
;;;;;;;;;;;;;;;;;;;;;;;;;
;;;;;;;;;;;;;;;;;;;;;;;;;
;;;;;;;;;;;;;;;;;;;;;;;;;
;;;;;;;;;;;;;;;;;;;;;;;;;
;;;;;;;;;;;;;;;;;;;;;;;;;
;;;;;;;;;;;;;;;;;;;;;;;;;
;;;;;;;;;;;;;;;;;;;;;;;;;
;;;;;;;;;;;;;;;;;;;;;;;;;
;;;;;;;;;;;;;;;;;;;;;;;;;
;;;;;;;;;;;;;;;;;;;;;;;;;
;;;;;;;;;;;;;;;;;;;;;;;;;
;;;;;;;;;;;;;;;;;;;;;;;;;
;;;;;;;;;;;;;;;;;;;;;;;;;
;;;;;;;;;;;;;;;;;;;;;;;;;
;;;;;;;;;;;;;;;;;;;;;;;;;
;;;;;;;;;;;;;;;;;;;;;;;;;
;;;;;;;;;;;;;;;;;;;;;;;;;
;;;;;;;;;;;;;;;;;;;;;;;;;
;;;;;;;;;;;;;;;;;;;;;;;;;
;;;;;;;;;;;;;;;;;;;;;;;;;
;;;;;;;;;;;;;;;;;;;;;;;;;
;;;;;;;;;;;;;;;;;;;;;;;;;
;;;;;;;;;;;;;;;;;;;;;;;;;
;;;;;;;;;;;;;;;;;;;;;;;;;
;;;;;;;;;;;;;;;;;;;;;;;;;
;;;;;;;;;;;;;;;;;;;;;;;;;
;;;;;;;;;;;;;;;;;;;;;;;;;
;;;;;;;;;;;;;;;;;;;;;;;;;
;;;;;;;;;;;;;;;;;;;;;;;;;
;;;;;;;;;;;;;;;;;;;;;;;;;
;;;;;;;;;;;;;;;;;;;;;;;;;
;;;;;;;;;;;;;;;;;;;;;;;;;
